ORDER,FAMILY,GENUS,SPECIES,SP.CODE,COLLECTED,ENDEMIC,EXOTIC,AUTH,FIA.CODE,COMMENT
LAMIALES,ACANTHACEAE,AVICENNIA,GERMINANS,AVIGER,YES,NO,NO,(L.) L.,61,
SAPINDALES,ANACARDIACEAE,COMOCLADIA,DODONAEA,COMDOD,YES,NO,NO,(L.) Urb.,233,
SAPINDALES,ANACARDIACEAE,COMOCLADIA,GLABRA,COMGLA,YES,NO,NO,Spreng.,234,
SAPINDALES,ANACARDIACEAE,MANGIFERA,INDICA,MANIND,NEW,NO,YES,L.,,
SAPINDALES,ANACARDIACEAE,METOPIUM,TOXIFERUM,METTOX,YES,NO,NO,(L.) Krug & Urb.,603,
SAPINDALES,ANACARDIACEAE,SCHINUS,TEREBINTHIFOLIUS,SCHTER,NEW,NO,YES,Raddi,,
SAPINDALES,ANACARDIACEAE,SPONDIAS,MOMBIN,SPOMOM,YES,NO,NO,L.,,
MAGNOLIALES,ANNONACEAE,ANNONA,GLABRA,ANNGLA,YES,NO,NO,L.,46,
MAGNOLIALES,ANNONACEAE,ANNONA,MONTANA,ANNMON,YES,NO,NO,Macfad.,47,
MAGNOLIALES,ANNONACEAE,ANNONA,SQUAMOSA,ANNSQU,GENEBANK,NO,NAT,L.,,
MAGNOLIALES,ANNONACEAE,GUATTERIA,BLAINII,GUABLA,YES,NO,NO,(Griseb.) Urb.,438,
MAGNOLIALES,ANNONACEAE,GUATTERIA,CARIBAEA,GUACAR,YES,NO,NO,Urb.,134,
MAGNOLIALES,ANNONACEAE,OXANDRA,LANCEOLATA,OXALAN,HERBARIUM,NO,NO,(Sw.) Baill.,701,
MAGNOLIALES,ANNONACEAE,OXANDRA,LAURIFOLIA,OXALAU,YES,NO,NO,(Sw.) A. Rich.,702,
MAGNOLIALES,ANNONACEAE,ROLLINIA,MUCOSA,ANNMUC,GENEBANK,NO,NO,Jacq.,,
GENTIANALES,APOCYNACEAE,PINOCHIA,CORYMBOSA,PINCOR,NEW,YES,NO,(Jacq.) M.E. Endress & B.F. Hansen,,VINE
GENTIANALES,APOCYNACEAE,PLUMERIA,ALBA,PLUALB,YES,NO,NO,L.,779,
GENTIANALES,APOCYNACEAE,PLUMERIA,OBTUSA,PLUOBT,YES,NO,NO,L.,1036,
GENTIANALES,APOCYNACEAE,RAUVOLFIA,NITIDA,RAUNIT,YES,NO,NO,Jacq.,807,
GENTIANALES,APOCYNACEAE,TABERNAEMONTANA,CITRIFOLIA,TABCIT,YES,NO,NO,L.,915,
AQUIFOLIALES,AQUIFOLIACEAE,ILEX,COOKII,ILECOO,NO,YES,NO,Britton & P. Wilson,462,T&E
AQUIFOLIALES,AQUIFOLIACEAE,ILEX,GUIANENSIS,ILEGUI,YES,NO,NO,(Aubl.) Kuntze,503,
AQUIFOLIALES,AQUIFOLIACEAE,ILEX,MACFADYENII,ILEMAC,YES,NO,NO,(Walp.) Rehder,504,
AQUIFOLIALES,AQUIFOLIACEAE,ILEX,NITIDA,ILENIT,YES,NO,NO,(Vahl) Maxim.,505,
AQUIFOLIALES,AQUIFOLIACEAE,ILEX,OBCORDATA,ILEOBO,YES,NO,NO,Sw.,508,
AQUIFOLIALES,AQUIFOLIACEAE,ILEX,SIDEROXYLOIDES,ILESID,YES,NO,NO,(Sw.) Griseb.,507,
AQUIFOLIALES,AQUIFOLIACEAE,ILEX,URBANIANA,ILEURB,HERBARIUM,NO,NO,Loes.,509,
APIALES,ARALIACEAE,DENDROPANAX,ARBOREUS,DENARB,YES,NO,NO,(L.) Decne. & Planch.,299,
APIALES,ARALIACEAE,DENDROPANAX,LAURIFOLIUS,DENLAU,HERBARIUM,YES,NO,(Marchal ex Urb.) Decne. & Planch. ex R. C. Schneid.,300,
APIALES,ARALIACEAE,SCHEFFLERA,GLEASONII,SCHGLE,HERBARIUM,YES,NO,(Britton & P. Wilson) Alain,NA,
APIALES,ARALIACEAE,SCHEFFLERA,MOROTOTONI,SCHMOR,YES,NO,NO,(Aubl.) Maguire,302,
ARECALES,ARECACEAE,ACROCOMIA,ACULEATA,ACRACU,YES,NO,NO,(Jacq.) Lodd. ex Mart.,8,
ARECALES,ARECACEAE,AIPHANES,ACANTHOPHYLLA,AIPMIN,YES,NO,NO,(Mart.) Burret,16,
ARECALES,ARECACEAE,CALYPTRONOMA,RIVALIS,CALRIV,YES,NO,NO,(O. F. Cook) L. H. Bailey,136,T&E
ARECALES,ARECACEAE,COCCOTHRINAX,BARBADENSIS,COCBAR,YES,NO,NO,(Lodd. ex Mart.) Becc.,273,
ARECALES,ARECACEAE,GAUSSIA,ATTENUATA,GAUATT,YES,NO,NO,(O. F. Cook) Becc.,417,
ARECALES,ARECACEAE,PRESTOEA,MONTANA,PREMON,YES,NO,NO,(R. Graham) G. Nicholson,374,
ARECALES,ARECACEAE,ROYSTONEA,BORINQUENA,ROYBOR,YES,NO,NO,(O.F. Cook) Becc.,833,
ARECALES,ARECACEAE,SABAL,CAUSIARUM,SABCAU,HERBARIUM,NO,NO,(O.F. Cook) Becc.,836,
ARECALES,ARECACEAE,THRINAX,MORRISII,THRMOR,GENEBANK,NO,NO,H. Wendl.,943,
ASTERALES,ASTERACEAE,CLIBADIUM,EROSUM,CLIERO,YES,NO,NO,(Sw.) DC.,201,
ASTERALES,ASTERACEAE,CRITONIA,PORTORICENSIS,CRIPOR,HERBARIUM,YES,NO,(Urb.) Britton & P. Wilson,249,
ASTERALES,ASTERACEAE,KOANOPHYLLON,POLYODON,KOAPOL,HERBARIUM,YES,NO,(Urb.) R.M. King & H. Rob.,371,
ASTERALES,ASTERACEAE,PLUCHEA,CAROLINENSIS,PLUCAR,NEW,NO,NO,(Jacq.) G. Don,,
LAMIALES,BIGNONIACEAE,AMPHITECNA,LATIFOLIA,AMPLAT,YES,NO,NO,(Mill.) A.H. Gentry,331,
LAMIALES,BIGNONIACEAE,CRESCENTIA,CUJETE,CRECUJ,YES,NO,NO,L.,247,
LAMIALES,BIGNONIACEAE,CRESCENTIA,LINEARIFOLIA,CRELIN,HERBARIUM,NO,NO,Miers,248,
LAMIALES,BIGNONIACEAE,CRESCENTIA,PORTORICENSIS,CREPOR,HERBARIUM,YES,NO,Britton,396,
LAMIALES,BIGNONIACEAE,SPATHODEA,CAMPANULATA,SPACAM,YES,NO,NAT,P. Beauv.,NA,
LAMIALES,BIGNONIACEAE,TABEBUIA,HAEMANTHA,TABHAE,YES,YES,NO,(Bertero ex Spreng.) DC.,907,
LAMIALES,BIGNONIACEAE,TABEBUIA,HETEROPHYLLA,TABHET,YES,NO,NO,(DC.) Britton,908,
LAMIALES,BIGNONIACEAE,TABEBUIA,KARSOANA,TABKAR,YES,YES,NO,Trejo,NA,
LAMIALES,BIGNONIACEAE,TABEBUIA,RIGIDA,TABRIG,YES,YES,NO,Urb.,910,
LAMIALES,BIGNONIACEAE,TABEBUIA,SCHUMANNIANA,TABSCH,YES,YES,NO,Urb.,911,
LAMIALES,BIGNONIACEAE,TECOMA,STANS,TECSTA,YES,NO,NAT,(L.) Kunth,903,
MALVALES,BIXACEAE,BIXA,ORELLANA,BIXORE,NO,NO,NAT,L.,NA,
BORAGINALES,BORAGINACEAE,BOURRERIA,SUCCULENTA,BOUSUC,YES,NO,NO,Jacq.,84,
BORAGINALES,BORAGINACEAE,BOURRERIA,VIRGATA,BOUVIR,YES,NO,NO,(Sw.) G. Don,85,
BORAGINALES,BORAGINACEAE,CORDIA,ALLIODORA,CORALL,YES,NO,NO,(Ruiz & Pav.) Oken,240,
BORAGINALES,BORAGINACEAE,CORDIA,BORINQUENSIS,CORBOR,YES,YES,NO,Urb.,241,
BORAGINALES,BORAGINACEAE,CORDIA,COLLOCOCCA,CORCOL,YES,NO,NO,L.,242,
BORAGINALES,BORAGINACEAE,CORDIA,LAEVIGATA,CORLAE,YES,NO,NO,Lam.,243,
BORAGINALES,BORAGINACEAE,CORDIA,RICKSECKERI,CORRIC,YES,NO,NO,Millsp.,862,
BORAGINALES,BORAGINACEAE,CORDIA,SULCATA,CORSUL,YES,NO,NO,DC.,244,
BORAGINALES,BORAGINACEAE,ROCHEFORTIA,ACANTHOPHORA,ROCACA,YES,NO,NO,(DC.) Griseb.,825,
BORAGINALES,BORAGINACEAE,ROCHEFORTIA,SPINOSA,ROCSPI,YES,NO,NO,(Jacq.) Urb.,824,
BORAGINALES,BORAGINACEAE,TOURNEFORTIA,FILIFLORA,TOUFIL,YES,NO,NO,Griseb.,953,
BORAGINALES,BORAGINACEAE,VARRONIA,BELLONIS,VARBEL,YES,YES,NO,(Urb.) Britton,NA,
BORAGINALES,BORAGINACEAE,VARRONIA,POLYCEPHALA,VARPOL,NEW,NO,NO,Lam.,,
BORAGINALES,BORAGINACEAE,VARRONIA,RUPICOLA,VARRUP,NO,NO,NO,(Urb.) Britton,978,
OXALIDALES,BRUNELLIACEAE,BRUNELLIA,COMOCLADIIFOLIA,BRUCOM,YES,NO,NO,Humb. & Bonpl.,88,
SAPINDALES,BURSERACEAE,BURSERA,SIMARUBA,BURSIM,YES,NO,NO,(L.) Sarg.,101,
SAPINDALES,BURSERACEAE,DACRYODES,EXCELSA,DACEXC,YES,NO,NO,Vahl,291,
SAPINDALES,BURSERACEAE,TETRAGASTRIS,BALSAMIFERA,TETBAL,YES,NO,NO,(Sw.) Kuntze,932,
BUXALES,BUXACEAE,BUXUS,PORTORICENSIS,BUXPOR,YES,YES,NO,Alain,114,
BUXALES,BUXACEAE,BUXUS,VAHLII,BUXVAH,YES,NO,NO,Baill.,115,T&E
MALPIGHIALES,CALOPHYLLACEAE,CALOPHYLLUM,ANTILLANUM,CALANT,YES,NO,NO,Britton,118,
MALPIGHIALES,CALOPHYLLACEAE,MAMMEA,AMERICANA,MAMAME,YES,NO,NO,L.,568,
CANELLALES,CANELLACEAE,CANELLA,WINTERIANA,CANWIN,GENEBANK,NO,NO,(L.) Gaertn.,137,
CANELLALES,CANELLACEAE,PLEODENDRON,MACRANTHUM,PLEMAC,YES,YES,NO,(Baill.) Tiegh.,777,T&E
ROSALES,CANNABACEAE,CELTIS,TRINERVIA,CELTRI,HERBARIUM,NO,NO,Lam.,173,
ROSALES,CANNABACEAE,TREMA,LAMARCKIANUM,TRELAM,YES,NO,NO,(Roem. & Schult.) Blume,951,
ROSALES,CANNABACEAE,TREMA,MICRANTHUM,TREMIC,YES,NO,NO,(L.) Blume,952,
BRASSICALES,CAPPARACEAE,CAPPARIDASTRUM,FRONDOSUM,CAPFRO,YES,NO,NO,(Jacq.) Cornejo & Iltis,139,
BRASSICALES,CAPPARACEAE,CYNOPHALLA,AMPLISSIMA,CYNAMP,HERBARIUM,NO,NO,(Lam.) Iltis & Cornejo,144,
BRASSICALES,CAPPARACEAE,CYNOPHALLA,FLEXUOSA,CYNFLE,YES,NO,NO,(L.) J. Presl,142,
BRASSICALES,CAPPARACEAE,CYNOPHALLA,HASTATA,CYNHAS,YES,NO,NO,(Jacq.) J. Presl,140,
BRASSICALES,CAPPARACEAE,MORISONIA,AMERICANA,MORAME,HERBARIUM,NO,NO,L.,631,Offshore islands only
BRASSICALES,CAPPARACEAE,QUADRELLA,CYNOPHALLOPHORA,QUACYN,YES,NO,NO,(L.) Hutch.   ,141,
BRASSICALES,CAPPARACEAE,QUADRELLA,INDICA,QUAIND,YES,NO,NO,(L.) Iltis & Cornejo,143,
CARYOPHYLLALES,CARYOPHYLLACEAE,CASUARINA,EQUISETIFOLIA,CASEQU,GENEBANK,NO,NAT,L.,NA,
CELASTRALES,CELASTRACEAE,CROSSOPETALUM,RHACOMA,CRORHA,YES,NO,NO,Crantz,814,
CELASTRALES,CELASTRACEAE,ELAEODENDRON,XYLOCARPUM,ELAXYL,YES,NO,NO,(Vent.) DC.,328,
CELASTRALES,CELASTRACEAE,GYMINDA,LATIFOLIA,GYMLAT,YES,NO,NO,(Sw.) Urb.,449,
CELASTRALES,CELASTRACEAE,MAYTENUS,CYMOSA,MAYCYM,HERBARIUM,NO,NO,Krug & Urb.,591,
CELASTRALES,CELASTRACEAE,MAYTENUS,ELONGATA,MAYELO,YES,NO,NO,(Urb.) Britton,585,
CELASTRALES,CELASTRACEAE,MAYTENUS,LAEVIGATA,MAYLAE,YES,NO,NO,(Vahl) Griseb. ex Eggers,584,
CELASTRALES,CELASTRACEAE,MAYTENUS,PONCEANA,MAYPON,HERBARIUM,NO,NO,Britton,586,
CELASTRALES,CELASTRACEAE,SCHAEFFERIA,FRUTESCENS,SCHFRU,YES,NO,NO,Jacq.,857,
CELASTRALES,CELASTRACEAE,TORRALBASIA,CUNEIFOLIA,TORCUN,HERBARIUM,NO,NO,(C. Wright ex A. Gray) Krug & Urb. ex Seguí,947,
CHLORANTHALES,CHLORANTHACEAE,HEDYOSMUM,ARBORESCENS,HEDARB,YES,NO,NO,Sw.,461,
MALPIGHIALES,CHRYSOBALANACEAE,CHRYSOBALANUS,ICACO,CHRICA,YES,NO,NO,L.,183,
MALPIGHIALES,CHRYSOBALANACEAE,HIRTELLA,RUGOSA,HIRRUG,YES,NO,NO,Pers.,484,
MALPIGHIALES,CHRYSOBALANACEAE,HIRTELLA,TRIANDRA,HIRTRI,YES,NO,NO,Sw.,485,
MALPIGHIALES,CLUSIACEAE,CLUSIA,CLUSIOIDES,CLUCLU,YES,NO,NO,(Griseb.) D'Arcy,204,
MALPIGHIALES,CLUSIACEAE,CLUSIA,GUNDLACHII,CLUGUN,YES,YES,NO,A. Stahl,203,
MALPIGHIALES,CLUSIACEAE,CLUSIA,MINOR,CLUMIN,YES,NO,NO,L.,205,
MALPIGHIALES,CLUSIACEAE,CLUSIA,ROSEA,CLUROS,YES,NO,NO,Jacq.,206,
MALPIGHIALES,CLUSIACEAE,GARCINIA,HESSII,GARHES,HERBARIUM,YES,NO,(Britton) Alain,823,
MALPIGHIALES,CLUSIACEAE,GARCINIA,PORTORICENSIS,GARPOR,YES,YES,NO,(Urb.) Alain,819,
MYRTALES,COMBRETACEAE,BUCHENAVIA,TETRAPHYLLA,BUCTET,YES,NO,NO,(Aubl.) R.A. Howard,92,
MYRTALES,COMBRETACEAE,BUCIDA,BUCERAS,BUCBUC,YES,NO,NO,L.,93,
MYRTALES,COMBRETACEAE,CONOCARPUS,ERECTUS,CONERE,YES,NO,NO,L.,236,
MYRTALES,COMBRETACEAE,LAGUNCULARIA,RACEMOSA,LAGRAC,YES,NO,NO,(L.) Gaertn. f.,534,
MYRTALES,COMBRETACEAE,TERMINALIA,CATAPPA,TERCAT,GENEBANK,NO,NAT,L.,NA,
OXALIDALES,CUNONIACEAE,WEINMANNIA,PINNATA,WEIPIN,HERBARIUM,NO,NO,L.,981,
CYATHEALES,CYATHEACEAE,ALSOPHILA,BRYOPHILA,ALSBRY,YES,YES,NO,,261,
CYATHEALES,CYATHEACEAE,ALSOPHILA,PORTORICENSIS,ALSPOR,YES,YES,NO,,260,
CYATHEALES,CYATHEACEAE,CNEMIDARIA,HORRIDA,CNEHOR,NO,NO,NO,,466,
CYATHEALES,CYATHEACEAE,CYATHEA,ANDINA,CYAAND,NO,NO,NO,,465,
CYATHEALES,CYATHEACEAE,CYATHEA,ARBOREA,CYAARB,YES,NO,NO,,259,
CYATHEALES,CYATHEACEAE,CYATHEA,BORINQUENA,CYABOR,YES,YES,NO,(Maxon) Domin,,
CYATHEALES,CYATHEACEAE,CYATHEA,FURFURACEA,CYAFUR,GENEBANK,NO,NO,,265,
CYATHEALES,CYATHEACEAE,CYATHEA,PARVULA,CYAPAR,GENEBANK,NO,NO,,28,
ERICALES,CYRILLACEAE,CYRILLA,RACEMIFLORA,CYRRAC,YES,NO,NO,L.,263,
ERICALES,EBENACEAE,DIOSPYROS,REVOLUTA,DIOREV,HERBARIUM,NO,NO,Poir.,306,
ERICALES,EBENACEAE,DIOSPYROS,SINTENISII,DIOSIN,YES,YES,NO,(Krug & Urb.) Standl.,557,
OXALIDALES,ELAEOCARPACEAE,SLOANEA,AMYGDALINA,SLOAMY,YES,NO,NO,Griseb.,901,
OXALIDALES,ELAEOCARPACEAE,SLOANEA,BERTERIANA,SLOBER,YES,NO,NO,Choisy ex DC.,869,
ERICALES,ERICACEAE,GONOCALYX,PORTORICENSIS,GONPOR,NEW,YES,NO,(Urb.) A.C. Sm.,,
ERICALES,ERICACEAE,LYONIA,STAHLII,LYOSTA,YES,YES,NO,Urb.,587,
MALPIGHIALES,ERYTHROXYLACEAE,ERYTHROXYLUM,AREOLATUM,ERYARE,YES,NO,NO,L.,338,
MALPIGHIALES,ERYTHROXYLACEAE,ERYTHROXYLUM,BREVIPES,ERYBRE,YES,NO,NO,DC.,NA,
MALPIGHIALES,ERYTHROXYLACEAE,ERYTHROXYLUM,ROTUNDIFOLIUM,ERYROT,YES,NO,NO,Lunan,340,
MALPIGHIALES,ERYTHROXYLACEAE,ERYTHROXYLUM,RUFUM,ERYRUF,YES,NO,NO,Cav.,341,
MALPIGHIALES,ERYTHROXYLACEAE,ERYTHROXYLUM,URBANII,ERYURB,YES,NO,NO,O.E. Schulz,387,
MALPIGHIALES,EUPHORBIACEAE,ACALPHYA,BISETOSA,ACABIS,YES,YES,NO,Bertero ex Spreng.,NA,
MALPIGHIALES,EUPHORBIACEAE,ADELIA,RICINELLA,ADERIC,YES,NO,NO,L.,822,
MALPIGHIALES,EUPHORBIACEAE,ALCHORNEA,LATIFOLIA,ALCLAT,YES,NO,NO,Sw.,23,
MALPIGHIALES,EUPHORBIACEAE,ALCHORNEOPSIS,FLORIBUNDA,ALCFLO,YES,NO,NO,(Benth.) Müll. Arg.,25,
MALPIGHIALES,EUPHORBIACEAE,BERNARDIA,DICHOTOMA,BERDIC,NEW,NO,NO,(Willd.) Müll. Arg.,,
MALPIGHIALES,EUPHORBIACEAE,CROTON,ASTROITES,CROAST,HERBARIUM,NO,NO,Dryand.,250,
MALPIGHIALES,EUPHORBIACEAE,CROTON,BETULINUS,CROBET,NEW,NO,NO,Vahl,,
MALPIGHIALES,EUPHORBIACEAE,CROTON,DISCOLOR,CRODIS,NEW,NO,NO,Willd.,,
MALPIGHIALES,EUPHORBIACEAE,CROTON,FLAVENS,CROFLA,YES,NO,NO,L.,NA,
MALPIGHIALES,EUPHORBIACEAE,CROTON,GLABELLUS,CROGLA,YES,NO,NO,L.,NA,
MALPIGHIALES,EUPHORBIACEAE,CROTON,IMPRESSUS,CROIMP,YES,NO,NO,Urb.,NA,
MALPIGHIALES,EUPHORBIACEAE,CROTON,POECILANTHUS,CROPOE,YES,YES,NO,Urb.,251,
MALPIGHIALES,EUPHORBIACEAE,DITTA,MYRICOIDES,DITMYR,YES,NO,NO,Griseb.,312,
MALPIGHIALES,EUPHORBIACEAE,EUPHORBIA,PETIOLARIS,EUPPET,YES,NO,NO,Sims,372,
MALPIGHIALES,EUPHORBIACEAE,GYMNANTHES,LUCIDA,GYMLUC,YES,NO,NO,Sw.,451,
MALPIGHIALES,EUPHORBIACEAE,HIPPOMANE,MANCINELLA,HIPMAN,YES,NO,NO,L.,481,
MALPIGHIALES,EUPHORBIACEAE,HURA,CREPITANS,HURCRE,GENEBANK,NO,NO,L.,492,
MALPIGHIALES,EUPHORBIACEAE,JATROPHA,GOSSYPIIFOLIA,JATGOS,YES,NO,NO,L.,,
MALPIGHIALES,EUPHORBIACEAE,JATROPHA,HERNANDIIFOLIA,JATHER,YES,NO,NO,Vent.,NA,
MALPIGHIALES,EUPHORBIACEAE,JATROPHA,MULTIFIDA,JATMUL,NO,NO,NAT,L.,NA,
MALPIGHIALES,EUPHORBIACEAE,SAPIUM,LAUROCERASUS,SAPLAU,YES,YES,NO,Desf.,849,
FABALES,FABACEAE,ADENANTHERA,PAVONINA,ADEPAV,YES,NO,NAT,L.,NA,
FABALES,FABACEAE,ALBIZIA,LEBBECK,ALBLEB,GENEBANK,NO,NAT,(L.) Benth.,NA,
FABALES,FABACEAE,ALBIZIA,PROCERA,ALBPRO,YES,NO,NAT,(Roxb.) Benth.,21,
FABALES,FABACEAE,ANADENANTHERA,PEREGRINA,ANAPER,YES,NO,NO,(L.) Speg.,764,
FABALES,FABACEAE,ANDIRA,INERMIS,ANDINE,YES,NO,NO,(W. Wright) DC.,37,
FABALES,FABACEAE,COJOBA,ARBOREA,COJARB,YES,NO,NO,(L.) Britton & Rose,768,
FABALES,FABACEAE,CYNOMETRA,PORTORICENSIS,CYNPOR,YES,YES,NO,Krug & Urb.,NA,
FABALES,FABACEAE,DELONIX,REGIA,DELREG,YES,NO,YES,(Bojer ex Hook.) Raf.,,
FABALES,FABACEAE,ERYTHRINA,BERTEROANA,ERYBER,YES,NO,NO,Urb.,376,
FABALES,FABACEAE,ERYTHRINA,CORALLODENDRUM,ERYCOR,YES,NO,NO,L.,317,
FABALES,FABACEAE,ERYTHRINA,EGGERSII,ERYEGG,HERBARIUM,NO,NO,Krukoff & Moldenke,325,
FABALES,FABACEAE,ERYTHRINA,POEPPIGIANA,ERYPOE,NEW,NO,YES,(Walp.) O.F. Cook,,
FABALES,FABACEAE,HAEMATOXYLUM,CAMPECHIANUM,HAECAM,YES,NO,NAT,L.,453,
FABALES,FABACEAE,HYMENAEA,COURBARIL,HYMCOU,YES,NO,NO,L.,496,
FABALES,FABACEAE,INDIGOFERA,SUFFRUTICOSA,INDSUF,NEW,NO,NO,Mill.,,
FABALES,FABACEAE,INGA,LAURINA,INGLAU,YES,NO,NO,(Sw.) Willd.,512,
FABALES,FABACEAE,INGA,VERA,INGVER,YES,NO,NO,Willd.,514,
FABALES,FABACEAE,LEUCAENA,LEUCOCEPHALA,LEULEU,YES,NO,NAT,(Lam.) De Wit,NA,
FABALES,FABACEAE,LIBIDIBIA,CORIARIA,LIBCOR,YES,NO,NO,(Jacq.) Schltdl.,116,
FABALES,FABACEAE,LONCHOCARPUS,GLAUCIFOLIUS,LONGLA,YES,NO,NO,Urb.,552,
FABALES,FABACEAE,LONCHOCARPUS,HEPTAPHYLLUS,LONHEP,YES,NO,NO,(Poir.) DC.,553,
FABALES,FABACEAE,LONCHOCARPUS,SERICEUS,LONSER,HERBARIUM,NO,NO,(Poir.) Kunth ex DC.,551,
FABALES,FABACEAE,MACHAERIUM,LUNATUM,MACLUN,YES,NO,NO,(L. f.) Ducke,316,
FABALES,FABACEAE,ORMOSIA,KRUGII,ORMKRU,YES,NO,NO,Urb.,695,
FABALES,FABACEAE,PELTOPHORUM,PTEROCARPUM,PELPTE,YES,NO,YES,(DC.) Baker ex K. Heyne,,
FABALES,FABACEAE,PICTETIA,ACULEATA,PICACU,YES,NO,NO,(Vahl) Urb.,744,
FABALES,FABACEAE,PISCIDIA,CARTHAGENENSIS,PISCAR,YES,NO,NO,Jacq.,501,
FABALES,FABACEAE,PITHECELLOBIUM,DULCE,PITDUL,NEW,NO,YES,(Roxb.) Benth.,,
FABALES,FABACEAE,PITHECELLOBIUM,UNGUIS-CATI,PITUNG,YES,NO,NO,(L.) Benth.,771,
FABALES,FABACEAE,POITEA,FLORIDA,POIFLO,YES,NO,NO,(Vahl) Lavin,838,
FABALES,FABACEAE,POITEA,PUNICEA,POIPUN,YES,YES,NO,(Urb.) Lavin,839,
FABALES,FABACEAE,PROSOPIS,JULIFLORA,PROJUL,YES,NO,NAT,(Sw.) DC.,NA,
FABALES,FABACEAE,PTEROCARPUS,INDICUS,PTEIND,YES,NO,YES,Willd.,,
FABALES,FABACEAE,PTEROCARPUS,OFFICINALIS,PTEOFF,YES,NO,NO,Jacq.,797,
FABALES,FABACEAE,PTEROCARPUS,ROHRII,PTEROH,NEW,NO,YES,Vahl,,
FABALES,FABACEAE,SAMANEA,SAMAN,SAMSAM,GENEBANK,NO,NAT,(Jacq.) Merr.,NA,
FABALES,FABACEAE,SENEGALIA,MURICATA,SENMUR,YES,NO,NO,(L.) Britton & Rose,NA,
FABALES,FABACEAE,SENNA,POLYPHYLLA,SENPOL,NEW,NO,NO,(Jacq.) H.S. Irwin & Barneby,,
FABALES,FABACEAE,SENNA,SIAMEA,SENSIA,NEW,NO,YES,(Lam.) H.S. Irwin & Barneby   ,,
FABALES,FABACEAE,SENNA,SPECTABILIS,SENSPE,NEW,NO,YES,(DC.) H.S. Irwin & Barneby,,
FABALES,FABACEAE,STAHLIA,MONOSPERMA,STAMON,YES,NO,NO,(Tul.) Urb.,NA,T&E
FABALES,FABACEAE,TAMARINDUS,INDICA,TAMIND,YES,NO,NAT,L.,NA,
FABALES,FABACEAE,VACHELLIA,FARNESIANA,VACFAR,GENEBANK,NO,NO,(L.) Wight & Arn.   ,NA,
FABALES,FABACEAE,VACHELLIA,MACRACANTHA,VACMAC,HERBARIUM,NO,NO,(Humb. & Bonpl. ex Willd.) Seigler & Ebinger,NA,
FABALES,FABACEAE,VACHELLIA,TORTUOSA,VACTOR,YES,NO,NO,(L.) Seigler & Ebinger,NA,
FABALES,FABACEAE,ZAPOTECA,PORTORICENSIS,ZAPPOR,HERBARIUM,NO,NO,(Jacq.) H.M. Hern.,44,
LAMIALES,GESNERIACEAE,GESNERIA,PEDUNCULOSA,GESPED,YES,YES,NO,(DC.) Fritsch,724,
LAMIALES,GESNERIACEAE,GESNERIA,VIRIDIFLORA,GESVIR,NEW,YES,NO,(Decne.) Kuntze,,
LAURALES,HERNANDIACEAE,HERNANDIA,SONORA,HERSON,YES,NO,NO,L.,472,
ICACINALES,ICACINACEAE,MAPPIA,RACEMOSA,MAPRAC,HERBARIUM,NO,NO,Jacq.,577,
ICACINALES,ICACINACEAE,OTTOSCHULZIA,RHODOXYLON,OTTRHO,YES,NO,NO,(Urb.) Urb.,697,T&E
FAGALES,JUGLANDACEAE,JUGLANS,JAMAICENSIS,JUGJAM,YES,NO,NO,C. DC.,528,T&E
LAMIALES,LAMIACEAE,AEGIPHILA,MARTINICENSIS,AEGMAR,HERBARIUM,NO,NO,Jacq.,11,
LAMIALES,LAMIACEAE,CALLICARPA,AMPLA,CALAMP,YES,NO,NO,Schauer,109,T&E
LAMIALES,LAMIACEAE,CORNUTIA,OBOVATA,COROBO,YES,YES,NO,Urb.,245,T&E
LAMIALES,LAMIACEAE,CORNUTIA,PYRAMIDATA,CORPYR,HERBARIUM,NO,NO,L.,246,Historical collection only
LAMIALES,LAMIACEAE,PETITIA,DOMINGENSIS,PETDOM,YES,NO,NO,Jacq.,731,
LAMIALES,LAMIACEAE,TECTONA,GRANDIS,TECGRA,YES,NO,YES,,,
LAMIALES,LAMIACEAE,VITEX,DIVARICATA,VITDIV,YES,NO,NO,Sw.,979,
LAMIALES,LAMIACEAE,VOLKAMERIA,ACULEATUM,VOLACU,YES,NO,NO,L.,270,
LAURALES,LAURACEAE,ANIBA,BRACTEATA,ANIBRA,HERBARIUM,NO,NO,(Nees) Mez,42,
LAURALES,LAURACEAE,BEILSCHMIEDIA,PENDULA,BEIPEN,YES,NO,NO,(Sw.) Hemsl.,78,
LAURALES,LAURACEAE,CINNAMOMUM,ELONGATUM,CINELO,YES,NO,NO,(Nees) Kosterm.,735,
LAURALES,LAURACEAE,CINNAMOMUM,MONTANUM,CINMON,YES,NO,NO,(Sw.) J. Presl,736,
LAURALES,LAURACEAE,LICARIA,BRITTONIANA,LICBRI,YES,YES,NO,C.K. Allen & L.E. Greg.,547,
LAURALES,LAURACEAE,LICARIA,PARVIFOLIA,LICPAR,YES,NO,NO,(Lam.) Kasterm.,545,
LAURALES,LAURACEAE,LICARIA,TRIANDRA,LICTRI,HERBARIUM,NO,NO,(Sw.) Kosterm.,546,
LAURALES,LAURACEAE,NECTANDRA,CORIACEA,NECCOR,YES,NO,NO,(Sw.) Griseb.,671,
LAURALES,LAURACEAE,NECTANDRA,HIHUA,NECHIH,HERBARIUM,NO,NO,(Ruiz & Pav.) Rohwer,1032,
LAURALES,LAURACEAE,NECTANDRA,KRUGII,NECKRU,HERBARIUM,NO,NO,Mez,672,
LAURALES,LAURACEAE,NECTANDRA,MEMBRANACEA,NECMEM,YES,NO,NO,(Sw.) Griseb.,673,
LAURALES,LAURACEAE,NECTANDRA,PATENS,NECPAT,HERBARIUM,NO,NO,(Sw.) Griseb.,674,
LAURALES,LAURACEAE,NECTANDRA,TURBACENSIS,NECTUR,YES,NO,NO,(Kunth) Nees,675,
LAURALES,LAURACEAE,OCOTEA,CUNEATA,OCOCUN,YES,NO,NO,(Griseb.) M. Gómez,684,
LAURALES,LAURACEAE,OCOTEA,FLORIBUNDA,OCOFLO,YES,NO,NO,(Sw.) Mez,685,
LAURALES,LAURACEAE,OCOTEA,FOENICULACEA,OCOFOE,HERBARIUM,NO,NO,Mez,686,
LAURALES,LAURACEAE,OCOTEA,LEUCOXYLON,OCOLEU,YES,NO,NO,(Sw.) Laness.,687,
LAURALES,LAURACEAE,OCOTEA,MOSCHATA,OCOMOS,YES,YES,NO,(Meisn.) Mez,688,
LAURALES,LAURACEAE,OCOTEA,PORTORICENSIS,OCOPOR,HERBARIUM,YES,NO,Mez,689,
LAURALES,LAURACEAE,OCOTEA,SPATHULATA,OCOSPA,YES,NO,NO,Mez,690,
LAURALES,LAURACEAE,OCOTEA,WRIGHTII,OCOWRI,YES,NO,NO,(Meisn.) Mez,691,
LAURALES,LAURACEAE,PERSEA,AMERICANA,PERAME,NO,NO,YES,Mill.,,
MYRTALES,LYTHRACEAE,GINORIA,ROHRII,GINROH,YES,NO,NO,(Vahl) Koehne,421,
MAGNOLIALES,MAGNOLIACEAE,MAGNOLIA,PORTORICENSIS,MAGPOR,GENEBANK,YES,NO,Bello,561,
MAGNOLIALES,MAGNOLIACEAE,MAGNOLIA,SPLENDENS,MAGSPL,YES,YES,NO,Urb.,562,
MALPIGHIALES,MALPIGHIACEAE,BUNCHOSIA,GLANDULOSA,BUNGLA,YES,NO,NO,(Cav.) DC.,98,
MALPIGHIALES,MALPIGHIACEAE,BYRSONIMA,CRASSIFOLIA,BYRCRA,GENEBANK,NO,NO,(L.) Kunth,104,
MALPIGHIALES,MALPIGHIACEAE,BYRSONIMA,LUCIDA,BYRLUC,YES,NO,NO,(Mill.) DC.,105,
MALPIGHIALES,MALPIGHIACEAE,BYRSONIMA,SPICATA,BYRSPI,YES,NO,NO,(Cav.) DC.,108,
MALPIGHIALES,MALPIGHIACEAE,BYRSONIMA,WADSWORTHII,BYRWAD,YES,YES,NO,Little,112,
MALPIGHIALES,MALPIGHIACEAE,MALPIGHIA,COCCIGERA,MALCOC,YES,NO,NO,L.,565,
MALPIGHIALES,MALPIGHIACEAE,MALPIGHIA,EMARGINATA,MALEMA,HERBARIUM,NO,NO,Sessé & Moc. ex DC.,567,
MALPIGHIALES,MALPIGHIACEAE,MALPIGHIA,FUCATA,MALFUC,YES,YES,NO,Ker Gawl.,566,
MALPIGHIALES,MALPIGHIACEAE,MALPIGHIA,INFESTISSIMA,MALINF,HERBARIUM,NO,NO,Rich. ex Nied.,569,
MALPIGHIALES,MALPIGHIACEAE,MALPIGHIA,LINEARIS,MALLIN,YES,NO,NO,Jacq.,NA,Offshore islands only
MALVALES,MALVACEAE,BASTARDIOPSIS,EGGERSII,BASEGG,YES,NO,NO,(Baker f.) Fuertes & Fryxell,NA,
MALVALES,MALVACEAE,CEIBA,PENTANDRA,CEIPEN,YES,NO,NO,(L.) Gaertn.,171,
MALVALES,MALVACEAE,CORCHORUS,HIRSUTUS,CORHIR,YES,NO,NO,L.,NA,
MALVALES,MALVACEAE,GOSSYPIUM,HIRSUTUM,GOSHIR,GENEBANK,NO,NO,L.,456,
MALVALES,MALVACEAE,GUAZUMA,ULMIFOLIA,GUAULM,YES,NO,NO,Lam.,253,
MALVALES,MALVACEAE,HELICTERES,JAMAICENSIS,HELJAM,YES,NO,NO,Jacq.,463,
MALVALES,MALVACEAE,HIBISCUS,ELATUS,HIBELA,YES,NO,YES,Sw.,,
MALVALES,MALVACEAE,HIBISCUS,TILIACEUS,HIBTIL,YES,NO,NO,L.,NA,
MALVALES,MALVACEAE,MELOCHIA,TOMENTOSA,MELTOM,HERBARIUM,NO,NO,L.,597,
MALVALES,MALVACEAE,OCHROMA,PYRAMIDALE,OCHPYR,YES,NO,NO,(Cav. ex Lam.) Urb.,682,
MALVALES,MALVACEAE,PAVONIA,PALUDICOLA,PAVPAL,YES,NO,NO,Nicolson ex Fryxell,NA,
MALVALES,MALVACEAE,QUARARIBEA,TURBINATA,QUATUR,YES,NO,NO,(Sw.) Poir.,799,
MALVALES,MALVACEAE,STERCULIA,APETALA,STEAPE,YES,NO,NAT,(Jacq.) H. Karst.,NA,
MALVALES,MALVACEAE,THESPESIA,GRANDIFLORA,THEGRA,YES,YES,NO,DC.,628,
MALVALES,MALVACEAE,THESPESIA,POPULNEA,THEPOP,GENEBANK,NO,NO,(L.) Sol. ex Corrêa,938,
MYRTALES,MELASTOMATACEAE,CLIDEMIA,EGGERSII,CLIEGG,YES,NO,NO,(Cogn.) F.S. Axelrod,476,
MYRTALES,MELASTOMATACEAE,CLIDEMIA,HIRTA,CLIHIR,YES,NO,NO,(L.) D. Don,202,
MYRTALES,MELASTOMATACEAE,HENRIETTEA,FASCICULARIS,HENFAS,YES,NO,NO,(Sw.) Gómez,468,
MYRTALES,MELASTOMATACEAE,HENRIETTEA,MACFADYENII,HENMAC,YES,NO,NO,(Triana) Alain,469,
MYRTALES,MELASTOMATACEAE,HENRIETTEA,SQUAMULOSA,HENSQU,YES,YES,NO,(Cogn.) Judd,121,
MYRTALES,MELASTOMATACEAE,MECRANIUM,LATIFOLIUM,MECLAT,YES,NO,NO,(Cogn.) Skean,588,
MYRTALES,MELASTOMATACEAE,MICONIA,AFFINIS,MICAFF,YES,NO,NO,DC.,609,
MYRTALES,MELASTOMATACEAE,MICONIA,CALYCINA,MICCAL,YES,NO,NO,Cogn.,618,
MYRTALES,MELASTOMATACEAE,MICONIA,FOVEOLATA,MICFOV,YES,YES,NO,Cogn.,605,
MYRTALES,MELASTOMATACEAE,MICONIA,IMPETIOLARIS,MICIMP,YES,NO,NO,(Sw.) D. Don,606,
MYRTALES,MELASTOMATACEAE,MICONIA,LAEVIGATA,MICLAE,YES,NO,NO,(L.) D. Don,607,
MYRTALES,MELASTOMATACEAE,MICONIA,MIRABILIS,MICMIR,YES,NO,NO,(Aubl.) L.O. Williams,917,
MYRTALES,MELASTOMATACEAE,MICONIA,PACHYPHYLLA,MICPAC,YES,YES,NO,Cogn.,611,
MYRTALES,MELASTOMATACEAE,MICONIA,PRASINA,MICPRA,YES,NO,NO,(Sw.) DC.,612,
MYRTALES,MELASTOMATACEAE,MICONIA,PYCNONEURA,MICPYC,YES,YES,NO,Urb.,614,
MYRTALES,MELASTOMATACEAE,MICONIA,RACEMOSA,MICRAC,YES,NO,NO,(Aubl.) DC.,615,
MYRTALES,MELASTOMATACEAE,MICONIA,RUBIGINOSA,MICRUB,HERBARIUM,NO,NO,(Bonpl.) DC.,616,
MYRTALES,MELASTOMATACEAE,MICONIA,SERRULATA,MICSER,YES,NO,NO,(DC.) Naudin,918,
MYRTALES,MELASTOMATACEAE,MICONIA,SINTENISII,MICSIN,YES,YES,NO,Cogn.,617,
MYRTALES,MELASTOMATACEAE,MICONIA,TETRANDRA,MICTET,YES,NO,NO,(Sw.) D. Don ex G. Don,619,
MYRTALES,MELASTOMATACEAE,MICONIA,TETRASTOMA,MICTRA,YES,NO,NO,Naudin,NA,
MYRTALES,MELASTOMATACEAE,MICONIA,THOMASIANA,MICTHO,YES,NO,NO,DC.,620,
MYRTALES,MELASTOMATACEAE,MOURIRI,DOMINGENSIS,MOUDOM,HERBARIUM,NO,NO,(Tussac) Spach,636,
MYRTALES,MELASTOMATACEAE,MOURIRI,HELLERI,MOUHEL,YES,YES,NO,Britton,629,
MYRTALES,MELASTOMATACEAE,OSSAEA,KRUGIANA,OSSKRU,YES,YES,NO,Cogn.,652,
MYRTALES,MELASTOMATACEAE,TETRAZYGIA,ANGUSTIFOLIA,TETANG,YES,NO,NO,(Sw.) DC.,934,
MYRTALES,MELASTOMATACEAE,TETRAZYGIA,BIFLORA,TETBIF,YES,YES,NO,(Cogn.) Urb.,599,
MYRTALES,MELASTOMATACEAE,TETRAZYGIA,CROTONIFOLIA,TETCRO,YES,NO,NO,(Desr.) DC.,NA,
MYRTALES,MELASTOMATACEAE,TETRAZYGIA,ELAEAGNOIDES,TETELA,YES,NO,NO,(Sw.) DC.,935,
MYRTALES,MELASTOMATACEAE,TETRAZYGIA,URBANII,TETURB,YES,YES,NO,Cogn.,601,
SAPINDALES,MELIACEAE,CEDRELA,ODORATA,CEDODO,GENEBANK,NO,NO,L.,169,
SAPINDALES,MELIACEAE,GUAREA,GLABRA,GUAGLA,YES,NO,NO,Vahl,435,
SAPINDALES,MELIACEAE,GUAREA,GUIDONIA,GUAGUI,YES,NO,NO,(L.) Sleumer,436,
SAPINDALES,MELIACEAE,MELIA,AZEDARACH,MELAZE,GENEBANK,NO,NAT,L.,NA,
SAPINDALES,MELIACEAE,SWIETENIA,MACROPHYLLA,SWIMAC,YES,NO,NO,G. King,NA,
SAPINDALES,MELIACEAE,SWIETENIA,MAHOGANI,SWIMAH,YES,NO,YES,(L.) Jacq.,NA,
SAPINDALES,MELIACEAE,TRICHILIA,HIRTA,TRIHIR,YES,NO,NO,L.,954,
SAPINDALES,MELIACEAE,TRICHILIA,PALLIDA,TRIPAL,YES,NO,NO,Sw.,955,
SAPINDALES,MELIACEAE,TRICHILIA,TRIACANTHA,TRITRI,YES,YES,NO,Urb.,956,T&E
ROSALES,MORACEAE,ARTOCARPUS,ALTILIS,ARTALT,YES,NO,YES,(Parkinson) Fosberg,,
ROSALES,MORACEAE,CASTILLA,ELASTICA,CASELA,GENEBANK,NO,NAT,Cerv.,NA,
ROSALES,MORACEAE,FICUS,AMERICANA,FICAME,YES,NO,NO,Aubl.,409,
ROSALES,MORACEAE,FICUS,CITRIFOLIA,FICCIT,YES,NO,NO,Mill.,407,
ROSALES,MORACEAE,FICUS,CRASSINERVIA,FICCRA,YES,NO,NO,Desf. ex Willd.,422,
ROSALES,MORACEAE,FICUS,TRIGONATA,FICTRI,YES,NO,NO,L.,405,
ROSALES,MORACEAE,MACLURA,TINCTORIA,MACTIN,HERBARIUM,NO,NO,(L.) D. Don ex Steud.,182,
ROSALES,MORACEAE,PSEUDOLMEDIA,SPURIA,PSESPU,YES,NO,NO,(Sw.) Griseb.,788,
ROSALES,MORACEAE,TROPHIS,RACEMOSA,TRORAC,YES,NO,NO,(L.) Urb.,960,
MALVALES,MUNTINGIACEAE,MUNTINGIA,CALABURA,MUNCAL,YES,NO,NO,L.,1029,
FAGALES,MYRICACEAE,MYRICA,CERIFERA,MYRCER,GENEBANK,NO,NO,L.,649,
FAGALES,MYRICACEAE,MYRICA,HOLDRIDGEANA,MYRHOL,HERBARIUM,YES,NO,Lundell,650,
MYRTALES,MYRTACEAE,CALYPTRANTHES,KRUGII,CALKRU,YES,YES,NO,Kiaersk.,123,
MYRTALES,MYRTACEAE,CALYPTRANTHES,LUQUILLENSIS,CALLUQ,YES,YES,NO,Alain,1020,
MYRTALES,MYRTACEAE,CALYPTRANTHES,PALLENS,CALPAL,HERBARIUM,NO,NO,Griseb.,122,
MYRTALES,MYRTACEAE,CALYPTRANTHES,SINTENISII,CALSIN,YES,NO,NO,Kiaersk.,125,
MYRTALES,MYRTACEAE,CALYPTRANTHES,WOODBURYI,CALWOO,YES,YES,NO,Alain,NA,
MYRTALES,MYRTACEAE,CALYPTRANTHES,ZUZYGIUM,CALZUZ,HERBARIUM,NO,NO,(L.) Sw.,129,Tissue from DR
MYRTALES,MYRTACEAE,EUGENIA,AXILLARIS,EUGAXI,YES,NO,NO,(Sw.) Willd.,351,
MYRTALES,MYRTACEAE,EUGENIA,BIFLORA,EUGBIF,YES,NO,NO,(L.) DC.,360,
MYRTALES,MYRTACEAE,EUGENIA,BORINQUENSIS,EUGBOR,YES,YES,NO,Britton,353,
MYRTALES,MYRTACEAE,EUGENIA,CONFUSA,EUGCON,YES,NO,NO,DC.,355,
MYRTALES,MYRTACEAE,EUGENIA,CORDATA,EUGCOR,HERBARIUM,NO,NO,(Sw.) DC.,356,
MYRTALES,MYRTACEAE,EUGENIA,DOMINGENSIS,EUGDOM,YES,NO,NO,O. Berg,350,
MYRTALES,MYRTACEAE,EUGENIA,EGGERSII,EUGEGG,YES,YES,NO,Kiaersk.,357,
MYRTALES,MYRTACEAE,EUGENIA,FAJARDENSIS,EUGFAJ,NO,YES,NO,(Krug & Urb.) Urb.,NA,
MYRTALES,MYRTACEAE,EUGENIA,FOETIDA,EUGFOE,YES,NO,NO,Pers.,NA,
MYRTALES,MYRTACEAE,EUGENIA,HAEMATOCARPA,EUGHAE,YES,YES,NO,Alain,390,T&E
MYRTALES,MYRTACEAE,EUGENIA,LIGUSTRINA,EUGLIG,YES,NO,NO,(Sw.) Willd.,361,
MYRTALES,MYRTACEAE,EUGENIA,MONTICOLA,EUGMON,YES,NO,NO,(Sw.) DC.,363,
MYRTALES,MYRTACEAE,EUGENIA,PADRONII,EUGPAD,YES,YES,NO,Alain,NA,
MYRTALES,MYRTACEAE,EUGENIA,PROCERA,EUGPRO,HERBARIUM,NO,NO,(Sw.) Poir.,364,
MYRTALES,MYRTACEAE,EUGENIA,PSEUDOPSIDIUM,EUGPSE,YES,NO,NO,Jacq.,365,
MYRTALES,MYRTACEAE,EUGENIA,RHOMBEA,EUGRHO,YES,NO,NO,(O. Berg) Krug & Urb.,366,
MYRTALES,MYRTACEAE,EUGENIA,SESSILIFLORA,EUGSES,YES,NO,NO,Vahl,380,
MYRTALES,MYRTACEAE,EUGENIA,STAHLII,EUGSTA,YES,YES,NO,(Kiaersk.) Krug & Urb.,369,
MYRTALES,MYRTACEAE,EUGENIA,STEWARDSONII,EUGSTE,HERBARIUM,NO,NO,Britton,370,
MYRTALES,MYRTACEAE,EUGENIA,WOODBURYANA,EUGWOO,YES,YES,NO,Alain,NA,T&E
MYRTALES,MYRTACEAE,GOMIDESIA,LINDENIANA,GOMLIN,YES,NO,NO,O. Berg,427,
MYRTALES,MYRTACEAE,MARLIEREA,SINTENISII,MARSIN,HERBARIUM,YES,NO,Kiaersk.,660,
MYRTALES,MYRTACEAE,MOSIERA,LONGIPES,MOSLON,NO,NO,NO,(O. Berg) Small,131,
MYRTALES,MYRTACEAE,MOSIERA,XEROPHYTICA,MOSXER,YES,YES,NO,(Britton) Salywon,375,
MYRTALES,MYRTACEAE,MYRCIA,AMAZONICA,MYRAMA,YES,NO,NO,DC,641,
MYRTALES,MYRTACEAE,MYRCIA,DEFLEXA,MYRDEF,YES,NO,NO,(Poir.) DC.,640,
MYRTALES,MYRTACEAE,MYRCIA,FALLAX,MYRFAL,YES,NO,NO,(Rich.) DC.,638,
MYRTALES,MYRTACEAE,MYRCIA,GUIANENSIS,MYRCIT,YES,NO,NO,(Aubl.) DC.,639,
MYRTALES,MYRTACEAE,MYRCIA,PAGANII,MYRPAG,NO,YES,NO,Krug & Urb.,648,T&E
MYRTALES,MYRTACEAE,MYRCIA,PORTORICENSIS,MYRPOR,HERBARIUM,YES,NO,(Britton) Cedeño-Mald. & Breckon ex F.S. Axelrod,124,
MYRTALES,MYRTACEAE,MYRCIA,SPLENDENS,MYRSPL,YES,NO,NO,(Sw.) DC.,642,
MYRTALES,MYRTACEAE,MYRCIANTHES,FRAGRANS,MYRFRA,HERBARIUM,NO,NO,(Sw.) McVaugh,40,
MYRTALES,MYRTACEAE,MYRCIARIA,BORINQUENA,MYRBOR,YES,YES,NO,Alain,NA,
MYRTALES,MYRTACEAE,MYRCIARIA,FLORIBUNDA,MYRFLO,HERBARIUM,NO,NO,(H. West ex Willd.) O. Berg,1031,
MYRTALES,MYRTACEAE,PIMENTA,RACEMOSA,PIMRAC,YES,NO,NO,(Mill.) J.W. Moore,475,
MYRTALES,MYRTACEAE,PSIDIUM,AMPLEXICAULE,PSIAMP,YES,NO,NO,Pers.,700,
MYRTALES,MYRTACEAE,PSIDIUM,SINTENISII,PSISIN,HERBARIUM,YES,NO,(Kiaersk.) Alain,1037,
MYRTALES,MYRTACEAE,SIPHONEUGENA,DENSIFLORA,SIPDEN,HERBARIUM,NO,NO,O. Berg,778,
MYRTALES,MYRTACEAE,SYZYGIUM,JAMBOS,SYZJAM,YES,NO,YES,(L.) Alston,,
MYRTALES,MYRTACEAE,SYZYGIUM,MALACCENSE,SYZMAL,YES,NO,YES,(L.) Merr. & L.M. Perry,,
CARYOPHYLLALES,NYCTAGINACEAE,NEEA,BUXIFOLIA,NEEBUX,YES,NO,NO,(Hook. f.) Heimerl,677,
CARYOPHYLLALES,NYCTAGINACEAE,PISONIA,ALBIDA,PISALB,YES,NO,NO,(Heimerl) Britton ex Standl.,765,
CARYOPHYLLALES,NYCTAGINACEAE,PISONIA,SUBCORDATA,PISSUB,YES,NO,NO,Sw.,766,
CARYOPHYLLALES,NYCTAGINACEAE,PISONIA,TAINA,PISTAI,YES,NO,NO,Trejo,NA,
CARYOPHYLLALES,NYCTAGINACEAE,GUAPIRA,DISCOLOR,GUADIS,HERBARIUM,NO,NO,(Spreng.) Little,948,
CARYOPHYLLALES,NYCTAGINACEAE,GUAPIRA,FRAGRANS,GUAFRA,YES,NO,NO,(Dum. Cours.) Little,949,
CARYOPHYLLALES,NYCTAGINACEAE,GUAPIRA,OBTUSATA,GUAOBT,YES,NO,NO,(Jacq.) Little,950,
MALPIGHIALES,OCHNACEAE,OURATEA,LITORALIS,OURLIT,YES,NO,NO,Urb.,699,
MALPIGHIALES,OCHNACEAE,OURATEA,STRIATA,OURSTR,HERBARIUM,NO,NO,(Tiegh.) Urb.,654,
SANTALALES,OLACACEAE,XIMENIA,AMERICANA,XIMAME,HERBARIUM,NO,NO,L.,985,
LAMIALES,OLEACEAE,CHIONANTHUS,COMPACTUS,CHICOM,YES,NO,NO,Sw.,549,
LAMIALES,OLEACEAE,CHIONANTHUS,DOMINGENSIS,CHIDOM,YES,NO,NO,Lam.,550,
LAMIALES,OLEACEAE,CHIONANTHUS,HOLDRIDGEI,CHIHOL,HERBARIUM,YES,NO,(Camp & Monachino) Stearn,556,
LAMIALES,OLEACEAE,CHIONANTHUS,LIGUSTRINUS,CHILIG,HERBARIUM,NO,NO,(Sw.) Pers.,520,
LAMIALES,OLEACEAE,FORESTIERA,EGGERSIANA,FOREGG,HERBARIUM,NO,NO,Krug & Urb.,439,
LAMIALES,OLEACEAE,FORESTIERA,SEGREGATA,FORSEG,YES,NO,NO,(Jacq.) Krug & Urb.,412,
LAMIALES,OLEACEAE,HAENIANTHUS,SALICIFOLIUS,HAESAL,HERBARIUM,NO,NO,Griseb.,457,
MYRTALES,ONAGRACEAE,LUDWIGIA,OCTAVALIS,LUDOCT,YES,NO,NO,(Jacq.) P.H. Raven,,
RANUNCULALES,PAPAVERACEAE,BOCCONIA,FRUTESCENS,BOCFRU,YES,NO,NO,L.,86,
ERICALES,PENTAPHYLACACEAE,CLEYERA,ALBOPUNCTATA,CLEALB,HERBARIUM,NO,NO,(Planch. ex Griseb.) Krug & Urb.,333,
ERICALES,PENTAPHYLACACEAE,TERNSTROEMIA,HEPTASEPALA,TERHEP,HERBARIUM,YES,NO,Krug & Urb.,920,
ERICALES,PENTAPHYLACACEAE,TERNSTROEMIA,LUQUILLENSIS,TERLUQ,YES,YES,NO,Krug & Urb.,921,
ERICALES,PENTAPHYLACACEAE,TERNSTROEMIA,PEDUNCULARIS,TERPED,YES,NO,NO,DC.,923,
ERICALES,PENTAPHYLACACEAE,TERNSTROEMIA,STAHLII,TERSTA,YES,YES,NO,Krug & Urb.,924,
ERICALES,PENTAPHYLACACEAE,TERNSTROEMIA,SUBSESSILIS,TERSUB,NO,YES,NO,(Britton) Kobuski,919,T&E
MALPIGHIALES,PHYLLANTHACEAE,FLUEGGEA,ACIDOTON,FLUACI,YES,NO,NO,(L.) G.L. Webster,848,
MALPIGHIALES,PHYLLANTHACEAE,HIERONYMA,CLUSIOIDES,HIECLU,YES,YES,NO,(Tul.) Griseb.,NA,
MALPIGHIALES,PHYLLANTHACEAE,MARGARITARIA,NOBILIS,MARNOB,YES,NO,NO,L. f.,740,
MALPIGHIALES,PHYLLANTHACEAE,PHYLLANTHUS,CUNEIFOLIUS,PHYCUN,YES,NO,NO,(Britton) Croizat,39,
MALPIGHIALES,PHYLLANTHACEAE,PHYLLANTHUS,EPIPHYLLANTHUS,PHYEPI,YES,NO,NO,L.,NA,
MALPIGHIALES,PHYLLANTHACEAE,PHYLLANTHUS,JUGLANDIFOLIUS,PHYJUG,HERBARIUM,NO,NO,Willd.,59,
MALPIGHIALES,PHYLLANTHACEAE,SAVIA,SESSILIFLORA,SAVSES,YES,NO,NO,(Sw.) Willd.,856,
PICRAMNIALES,PICRAMNIACEAE,PICRAMNIA,PENTANDRA,PICPEN,YES,NO,NO,Sw.,742,
PINALES,PINACEAE,PINUS,CARIBAEA,PINCAR,YES,NO,NAT,Sw.,NA,
PIPERALES,PIPERACEAE,PIPER,ADUNCUM,PIPADU,YES,NO,NO,L.,748,
PIPERALES,PIPERACEAE,PIPER,AMALAGO,PIPAMA,YES,NO,NO,L.,749,
PIPERALES,PIPERACEAE,PIPER,BLATTARUM,PIPBLA,YES,NO,NO,Spreng.,750,
PIPERALES,PIPERACEAE,PIPER,GLABRESCENS,PIPGLA,YES,NO,NO,(Miq.) C. DC.,713,
PIPERALES,PIPERACEAE,PIPER,HISPIDUM,PIPHIS,YES,NO,NO,Sw.,706,
PIPERALES,PIPERACEAE,PIPER,JACQUEMONTIANUM,PIPJAC,YES,NO,NO,Kunth,775,
PIPERALES,PIPERACEAE,PIPER,MARGINATUM,PIPMAR,HERBARIUM,NO,NO,Jacq.,705,
PIPERALES,PIPERACEAE,PIPER,SWARTZIANUM,PIPSWA,HERBARIUM,NO,NO,(Miq.) C. DC.,659,
PIPERALES,PIPERACEAE,PIPER,UMBELLATUM,PIPUMB,YES,NO,NO,L.,,
ARAUCARIALES,PODOCARPACEAE,PODOCARPUS,CORIACEUS,PODCOR,YES,NO,NO,Rich. & A. Rich.,783,
FABALES,POLYGALACEAE,BADIERA,PENAEA,BADPEN,YES,NO,NO,(L.) DC.,68,
FABALES,POLYGALACEAE,PHLEBOTAENIA,COWELLII,PHLCOW,YES,YES,NO,Britton,784,
CARYOPHYLLALES,POLYGONACEAE,COCCOLOBA,BUCHII,COCBUC,NO,NO,NO,O.C. Schmidt,NA,
CARYOPHYLLALES,POLYGONACEAE,COCCOLOBA,COSTATA,COCCOS,YES,NO,NO,C. Wright,235,
CARYOPHYLLALES,POLYGONACEAE,COCCOLOBA,DIVERSIFOLIA,COCDIV,YES,NO,NO,Jacq.,209,
CARYOPHYLLALES,POLYGONACEAE,COCCOLOBA,KRUGII,COCKRU,YES,NO,NO,Lindau,212,
CARYOPHYLLALES,POLYGONACEAE,COCCOLOBA,MICROSTACHYA,COCMIC,YES,NO,NO,Willd.,214,
CARYOPHYLLALES,POLYGONACEAE,COCCOLOBA,PUBESCENS,COCPUB,YES,NO,NO,L.,210,
CARYOPHYLLALES,POLYGONACEAE,COCCOLOBA,PYRIFOLIA,COCPYR,YES,YES,NO,Desf.,215,T&E
CARYOPHYLLALES,POLYGONACEAE,COCCOLOBA,RUGOSA,COCRUG,YES,NO,NO,Desf.,216,
CARYOPHYLLALES,POLYGONACEAE,COCCOLOBA,SINTENISII,COCSIN,YES,YES,NO,Urb.,217,
CARYOPHYLLALES,POLYGONACEAE,COCCOLOBA,SWARTZII,COCSWA,YES,NO,NO,Meisn.,224,
CARYOPHYLLALES,POLYGONACEAE,COCCOLOBA,TENUIFOLIA,COCTEN,YES,NO,NO,L.,NA,
CARYOPHYLLALES,POLYGONACEAE,COCCOLOBA,UVIFERA,COCUVI,YES,NO,NO,(L.) L.,218,
CARYOPHYLLALES,POLYGONACEAE,COCCOLOBA,VENOSA,COCVEN,YES,NO,NO,L.,219,
CARYOPHYLLALES,POLYGONACEAE,TRIPLARIS,CUMINGIANA,TRICUM,NEW,NO,YES,Fisch. & Mey. ex C. A. Mey.,,
ERICALES,PRIMULACEAE,ARDISIA,GLAUCIFLORA,ARDGLA,YES,YES,NO,Urb.,498,
ERICALES,PRIMULACEAE,ARDISIA,LUQUILLENSIS,ARDLUQ,YES,YES,NO,(Britton) Alain,968,
ERICALES,PRIMULACEAE,ARDISIA,ELLIPTICA,ARDELL,NO,NO,YES,Thunb.,,
ERICALES,PRIMULACEAE,ARDISIA,OBOVATA,ARDOBO,YES,NO,NO,Desv. ex Ham.,54,
ERICALES,PRIMULACEAE,BONELLIA,PAUCIFLORA,BONPAU,NEW,YES,NO,(B. Ståhl & F.S. Axelrod) B. Ståhl & Källersjö,,
ERICALES,PRIMULACEAE,BONELLIA,UMBELLATA,BONUMB,YES,NO,NO,(A. DC.) B. Ståhl & Källersjö,464,
ERICALES,PRIMULACEAE,CYBIANTHUS,SINTENISII,CYBSIN,HERBARIUM,YES,NO,(Urb.) G. Agostini,429,
ERICALES,PRIMULACEAE,JACQUINIA,ARBOREA,JACARB,YES,NO,NO,Vahl,526,
ERICALES,PRIMULACEAE,JACQUINIA,BERTEROI,JACBER,YES,NO,NO,Spreng.,527,
ERICALES,PRIMULACEAE,MYRSINE,CORIACEA,MYRCOR,YES,NO,NO,(Sw.) R. Br. ex Roem. & Schult.,804,
ERICALES,PRIMULACEAE,MYRSINE,GUIANENSIS,MYRGUI,HERBARIUM,NO,NO,(Aubl.) Kuntze,805,
ERICALES,PRIMULACEAE,PARATHESIS,CRENULATA,PARCRE,YES,NO,NO,(Vent.) Hook. f. ex Hemsl.,714,
ERICALES,PRIMULACEAE,WALLENIA,LAMARCKIANA,WALLAM,YES,NO,NO,(A. DC.) Mez,729,
MALPIGHIALES,PUTRANJIVACEAE,DRYPETES,ALBA,DRYALB,YES,NO,NO,Poit.,318,
MALPIGHIALES,PUTRANJIVACEAE,DRYPETES,GLAUCA,DRYGLA,YES,NO,NO,Vahl,319,
MALPIGHIALES,PUTRANJIVACEAE,DRYPETES,ILICIFOLIA,DRYILI,YES,NO,NO,Krug & Urb.,320,
MALPIGHIALES,PUTRANJIVACEAE,DRYPETES,LATERIFLORA,DRYLAT,YES,NO,NO,(Sw.) Krug & Urb.,321,
ROSALES,RHAMNACEAE,COLUBRINA,ARBORESCENS,COLARB,YES,NO,NO,(Mill.) Sarg.,229,
ROSALES,RHAMNACEAE,COLUBRINA,ELLIPTICA,COLELL,YES,NO,NO,(Sw.) Brizicky,231,
ROSALES,RHAMNACEAE,COLUBRINA,VERRUCOSA,COLVER,YES,NO,NO,(Urb.) M.C. Johnst.,494,
ROSALES,RHAMNACEAE,KRUGIODENDRON,FERREUM,KRUFER,YES,NO,NO,(Vahl) Urb.,530,
ROSALES,RHAMNACEAE,REYNOSIA,KRUGII,REYKRU,YES,YES,NO,Urb.,811,
ROSALES,RHAMNACEAE,REYNOSIA,UNCINATA,REYUNC,YES,NO,NO,Urb.,812,
ROSALES,RHAMNACEAE,REYNOSIA,VIVESIANA,REYVIV,YES,YES,NO,Trejo,810,
ROSALES,RHAMNACEAE,RHAMNUS,SPHAEROSPERMA,RHASPH,YES,NO,NO,Sw.,816,
ROSALES,RHAMNACEAE,ZIZIPHUS,MAURITIANA,ZIZMAU,GENEBANK,NO,YES,Lam.,995,
ROSALES,RHAMNACEAE,ZIZIPHUS,RETICULATA,ZIZRET,YES,NO,NO,(Vahl) DC.,854,
ROSALES,RHAMNACEAE,ZIZIPHUS,RIGNONII,ZIZRIG,YES,NO,NO,Delponte,853,
MALPIGHIALES,RHIZOPHORACEAE,CASSIPOUREA,GUIANENSIS,CSSGUI,YES,NO,NO,Aubl.,161,
MALPIGHIALES,RHIZOPHORACEAE,RHIZOPHORA,MANGLE,RHIMAN,YES,NO,NO,L.,821,
ROSALES,ROSACEAE,PRUNUS,MYRTIFOLIA,PRUMYR,YES,NO,NO,(L.) Urb.,662,
ROSALES,ROSACEAE,PRUNUS,OCCIDENTALIS,PRUOCC,YES,NO,NO,Sw.,664,
GENTIANALES,RUBIACEAE,STENOSTOMUM,OBTUSIFOLIA,STEOBT,YES,YES,NO,(Urb.) Britton & P. Wilson,52,
GENTIANALES,RUBIACEAE,CHIONE,VENOSA,CHIVEN,YES,NO,NO,(Sw.) Urb.,181,
GENTIANALES,RUBIACEAE,COFFEA,ARABICA,COFARA,YES,NO,NAT,L.,NA,
GENTIANALES,RUBIACEAE,ERITHALIS,FRUTICOSA,ERIFRU,YES,NO,NO,L.,332,
GENTIANALES,RUBIACEAE,EXOSTEMA,CARIBAEUM,EXOCAR,YES,NO,NO,(Jacq.) Roem. & Schult.,382,
GENTIANALES,RUBIACEAE,EXOSTEMA,ELLIPTICUM,EXOELL,HERBARIUM,NO,NO,Griseb.,383,
GENTIANALES,RUBIACEAE,FARAMEA,OCCIDENTALIS,FAROCC,YES,NO,NO,(L.) A. Rich.,403,
GENTIANALES,RUBIACEAE,GENIPA,AMERICANA,GENAME,YES,NO,NO,L.,418,
GENTIANALES,RUBIACEAE,GONZALAGUNIA,HIRSUTA,GONHIR,YES,NO,NO,(Jacq.) K. Schum.,,
GENTIANALES,RUBIACEAE,GUETTARDA,ELLIPTICA,GUEELL,YES,NO,NO,Sw.,442,
GENTIANALES,RUBIACEAE,GUETTARDA,KRUGII,GUEKRU,YES,NO,NO,Urb.,443,
GENTIANALES,RUBIACEAE,GUETTARDA,ODORATA,GUEODO,HERBARIUM,NO,NO,(Jacq.) Lam.,446,
GENTIANALES,RUBIACEAE,GUETTARDA,OVALIFOLIA,GUEOVA,YES,NO,NO,Urb.,445,
GENTIANALES,RUBIACEAE,GUETTARDA,PUNGENS,GUEPUN,YES,NO,NO,Urb.,397,
GENTIANALES,RUBIACEAE,GUETTARDA,SCABRA,GUESCA,YES,NO,NO,(L.) Lam.,447,
GENTIANALES,RUBIACEAE,GUETTARDA,VALENZUELANA,GUEVAL,YES,NO,NO,A. Rich.,444,
GENTIANALES,RUBIACEAE,HAMELIA,AXILLARIS,HAMAXI,YES,NO,NO,Sw.,,
GENTIANALES,RUBIACEAE,HAMELIA,PATENS,HAMPAT,YES,NO,NO,Jacq.,459,
GENTIANALES,RUBIACEAE,IXORA,FERREA,IXOFER,YES,NO,NO,(Jacq.) Benth.,518,
GENTIANALES,RUBIACEAE,MACHAONIA,PORTORICENSIS,MACPOR,YES,YES,NO,Baill.,559,
GENTIANALES,RUBIACEAE,MARGARITOPSIS,MICRODON,MARMIC,HERBARIUM,NO,NO,(DC.) C.M. Taylor,482,
GENTIANALES,RUBIACEAE,MARGARITOPSIS,NUTANS,MARNUT,HERBARIUM,NO,NO,(Sw.) C.M. Taylor,663,
GENTIANALES,RUBIACEAE,MORINDA,CITRIFOLIA,MORCIT,YES,NO,NAT,L.,630,
GENTIANALES,RUBIACEAE,NEOLAUGERIA,RESINOSA,NEORES,YES,NO,NO,(Vahl) Nicolson,538,
GENTIANALES,RUBIACEAE,PALICOUREA,ALPINA,PALALP,HERBARIUM,NO,NO,(Sw.) DC.,707,
GENTIANALES,RUBIACEAE,PALICOUREA,CROCEA,PALCRO,HERBARIUM,NO,NO,(Sw.) Roem. & Schult.,711,
GENTIANALES,RUBIACEAE,PALICOUREA,CROCEOIDES,PALRIP,YES,NO,NO,Ham.,710,
GENTIANALES,RUBIACEAE,PALICOUREA,GUIANENSIS,PALGUI,YES,NO,NO,Aubl.,708,
GENTIANALES,RUBIACEAE,PHIALANTHUS,MYRTILLOIDES,PHIMYR,HERBARIUM,NO,NO,Griseb.,634,
GENTIANALES,RUBIACEAE,PSYCHOTRIA,BERTEROANA,PSYBER,YES,NO,NO,DC.,790,
GENTIANALES,RUBIACEAE,PSYCHOTRIA,BRACHIATA,PSYBRA,YES,NO,NO,Sw.,791,
GENTIANALES,RUBIACEAE,PSYCHOTRIA,BROWNEI,PSYBRO,HERBARIUM,NO,NO,Spreng.,792,
GENTIANALES,RUBIACEAE,PSYCHOTRIA,DEFLEXA,PSYDEF,YES,NO,NO,DC.,,
GENTIANALES,RUBIACEAE,PSYCHOTRIA,DOMINGENSIS,PSYDOM,YES,NO,NO,Jacq.,709,
GENTIANALES,RUBIACEAE,PSYCHOTRIA,GRANDIS,PSYGRA,YES,NO,NO,Sw.,667,
GENTIANALES,RUBIACEAE,PSYCHOTRIA,MALEOLENS,PSYMAL,YES,YES,NO,Urb.,794,
GENTIANALES,RUBIACEAE,PSYCHOTRIA,MARICAENSIS,PSYMAR,HERBARIUM,YES,NO,Urb.,480,
GENTIANALES,RUBIACEAE,PSYCHOTRIA,PUBESCENS,PSYPUB,YES,NO,NO,Sw.,795,
GENTIANALES,RUBIACEAE,RANDIA,ACULEATA,RANACU,YES,NO,NO,L.,801,
GENTIANALES,RUBIACEAE,RONDELETIA,INERMIS,RONINE,YES,YES,NO,(Spreng.) Krug & Urb.   ,829,
GENTIANALES,RUBIACEAE,RONDELETIA,PILOSA,RONPIL,YES,NO,NO,Sw.,830,
GENTIANALES,RUBIACEAE,RONDELETIA,PORTORICENSIS,RONPOR,YES,YES,NO,Krug & Urb.,831,
GENTIANALES,RUBIACEAE,STENOSTOMUM,ACUTATUM,STEACU,YES,NO,NO,DC.,882,
GENTIANALES,RUBIACEAE,STENOSTOMUM,CORIACEUM,STECOR,YES,NO,NO,(Vahl) Griseb.,884,
GENTIANALES,RUBIACEAE,STENOSTOMUM,LUCIDUM,STELUC,HERBARIUM,NO,NO,(Sw.) C.F. Gaertn.,65,
GENTIANALES,RUBIACEAE,STENOSTOMUM,SINTENISII,STESIN,YES,NO,NO,(Urb.) Britton,885,
SAPINDALES,RUTACEAE,AMYRIS,ELEMIFERA,AMYELE,YES,NO,NO,L.,33,
SAPINDALES,RUTACEAE,CITRUS,PARADISI,CITPAR,YES,NO,YES,Macfad.,,
SAPINDALES,RUTACEAE,MURRAYA,PANICULATA,MURPAN,GENEBANK,NO,YES,(L.) Jacq.,NA,
SAPINDALES,RUTACEAE,PILOCARPUS,RACEMOSUS,PILRAC,YES,NO,NO,Vahl,658,
SAPINDALES,RUTACEAE,RAVENIA,URBANII,RAVURB,YES,YES,NO,Engl.,809,
SAPINDALES,RUTACEAE,TRIPHASIA,TRIFOLIA,TRIFOL,NO,NO,YES,(Burm. f.) P. Wilson,NA,
SAPINDALES,RUTACEAE,ZANTHOXYLUM,BIFOLIOLATUM,ZANBIF,HERBARIUM,NO,NO,Leonard,489,
SAPINDALES,RUTACEAE,ZANTHOXYLUM,CARIBAEUM,ZANCAR,YES,NO,NO,Lam.,988,
SAPINDALES,RUTACEAE,ZANTHOXYLUM,FLAVUM,ZANFLA,YES,NO,NO,Vahl,989,
SAPINDALES,RUTACEAE,ZANTHOXYLUM,MARTINICENSE,ZANMAR,YES,NO,NO,(Lam.) DC.,990,
SAPINDALES,RUTACEAE,ZANTHOXYLUM,MONOPHYLLUM,ZANMON,YES,NO,NO,(Lam.) P. Wilson,991,
SAPINDALES,RUTACEAE,ZANTHOXYLUM,PUNCTATUM,ZANPUN,YES,NO,NO,Vahl,992,
SAPINDALES,RUTACEAE,ZANTHOXYLUM,SPINIFEX,ZANSPI,HERBARIUM,NO,NO,(Jacq.) DC.,993,
SABIALES,SABIACEAE,MELIOSMA,HERBERTII,MELHER,YES,NO,NO,Rolfe,594,
SABIALES,SABIACEAE,MELIOSMA,OBTUSIFOLIA,MELOBT,HERBARIUM,YES,NO,(Bello) Krug & Urb.,595,
MALPIGHIALES,SALICACEAE,BANARA,PORTORICENSIS,BANPOR,YES,YES,NO,Krug & Urb.,74,
MALPIGHIALES,SALICACEAE,BANARA,VANDERBILTII,BANVAN,YES,YES,NO,Urb.,96,T&E
MALPIGHIALES,SALICACEAE,CASEARIA,ACULEATA,CASACU,YES,NO,NO,Jacq.,148,
MALPIGHIALES,SALICACEAE,CASEARIA,ARBOREA,CASARB,YES,NO,NO,(Rich.) Urb.,149,
MALPIGHIALES,SALICACEAE,CASEARIA,DECANDRA,CASDEC,YES,NO,NO,Jacq.,151,
MALPIGHIALES,SALICACEAE,CASEARIA,GUIANENSIS,CASGUI,YES,NO,NO,(Aubl.) Urb.,152,
MALPIGHIALES,SALICACEAE,CASEARIA,SYLVESTRIS,CASSYL,YES,NO,NO,Sw.,153,
MALPIGHIALES,SALICACEAE,HOMALIUM,RACEMOSUM,HOMRAC,YES,NO,NO,Jacq.,488,
MALPIGHIALES,SALICACEAE,LAETIA,PROCERA,LAEPRO,YES,NO,NO,(Poepp.) Eichler,150,
MALPIGHIALES,SALICACEAE,LUNANIA,EKMANII,LUNEKM,HERBARIUM,NO,NO,Urb.,571,
MALPIGHIALES,SALICACEAE,PROCKIA,CRUCIS,PROCRU,HERBARIUM,NO,NO,L.,786,
MALPIGHIALES,SALICACEAE,SAMYDA,DODECANDRA,SAMDOD,YES,NO,NO,Jacq.,845,
MALPIGHIALES,SALICACEAE,SAMYDA,SPINULOSA,SAMSPI,YES,NO,NO,Vent.,483,
MALPIGHIALES,SALICACEAE,XYLOSMA,BUXIFOLIA,XYLBUX,YES,NO,NO,A. Gray,646,
MALPIGHIALES,SALICACEAE,XYLOSMA,PACHYPHYLLA,XYLPAC,YES,YES,NO,(Krug & Urb.) Urb.,970,
MALPIGHIALES,SALICACEAE,XYLOSMA,SCHAEFFERIOIDES,XYLSCH,HERBARIUM,NO,NO,A. Gray,974,
MALPIGHIALES,SALICACEAE,XYLOSMA,SCHWANECKEANA,XYLSHW,YES,YES,NO,(Krug & Urb.) Urb.,647,
SAPINDALES,SAPINDACEAE,ALLOPHYLUS,CRASSINERVIS,ALLCRA,YES,NO,NO,Radlk. f. crassinervis,26,
SAPINDALES,SAPINDACEAE,ALLOPHYLUS,RACEMOSUS,ALLRAC,YES,NO,NO,Sw.,27,
SAPINDALES,SAPINDACEAE,CUPANIA,AMERICANA,CUPAME,YES,NO,NO,L.,254,
SAPINDALES,SAPINDACEAE,CUPANIA,TRIQUETRA,CUPTRI,HERBARIUM,NO,NO,A. Rich.,255,
SAPINDALES,SAPINDACEAE,DODONAEA,VISCOSA,DODVIS,YES,NO,NO,Jacq.,314,
SAPINDALES,SAPINDACEAE,EXOTHEA,PANICULATA,EXOPAN,YES,NO,NO,(Juss.) Radlk.,385,
SAPINDALES,SAPINDACEAE,HYPELATE,TRIFOLIATA,HYPTRI,YES,NO,NO,Sw.,497,
SAPINDALES,SAPINDACEAE,MATAYBA,DOMINGENSIS,MATDOM,YES,NO,NO,(DC.) Radlk.,581,
SAPINDALES,SAPINDACEAE,MELICOCCUS,BIJUGATUS,MELBIJ,NEW,NO,YES,Jacq.,,
SAPINDALES,SAPINDACEAE,SAPINDUS,SAPONARIA,SAPSAP,HERBARIUM,NO,NO,L.,847,
SAPINDALES,SAPINDACEAE,THOUINIA,PORTORICENSIS,THOPOR,YES,YES,NO,Radlk.,941,
SAPINDALES,SAPINDACEAE,THOUINIA,STRIATA,THOSTR,YES,YES,NO,Radlk.,NA,
ERICALES,SAPOTACEAE,CHRYSOPHYLLUM,ARGENTEUM,CHRARG,YES,NO,NO,Jacq.,186,
ERICALES,SAPOTACEAE,CHRYSOPHYLLUM,BICOLOR,CHRBIC,HERBARIUM, NO,NO,Poir.,188,
ERICALES,SAPOTACEAE,CHRYSOPHYLLUM,CAINITO,CHRCAI,YES,NO,NO,L.,187,
ERICALES,SAPOTACEAE,CHRYSOPHYLLUM,OLIVIFORME,CHROLI,HERBARIUM,NO,NO,L.,189,
ERICALES,SAPOTACEAE,CHRYSOPHYLLUM,PAUCIFLORUM,CHRPAU,YES,NO,NO,Lam.,190,
ERICALES,SAPOTACEAE,MANILKARA,BIDENTATA,MANBID,YES,NO,NO,(A. DC.) A. Chev.,572,
ERICALES,SAPOTACEAE,MANILKARA,PLEEANA,MANPLE,YES,YES,NO,(Pierre ex Baill.) Cronquist,573,
ERICALES,SAPOTACEAE,MANILKARA,VALENZUELANA,MANVAL,YES,NO,NO,(A. Rich.) T.D. Penn.,NA,
ERICALES,SAPOTACEAE,MICROPHOLIS,GARCINIIFOLIA,MICGAR,YES,YES,NO,Pierre,624,
ERICALES,SAPOTACEAE,MICROPHOLIS,GUYANENSIS,MICGUY,YES,NO,NO,(A. DC.) Pierre,621,
ERICALES,SAPOTACEAE,POUTERIA,DICTYONEURA,POUDIC,YES,NO,NO,(Griseb.) Radlk.,712,
ERICALES,SAPOTACEAE,POUTERIA,HOTTEANA,POUHOT,HERBARIUM,NO,NO,(Urb. & Ekman) Baheni,661,
ERICALES,SAPOTACEAE,POUTERIA,MULTIFLORA,POUMUL,YES,NO,NO,(A. DC.) Eyma,785,
ERICALES,SAPOTACEAE,SIDEROXYLON,CUBENSE,SIDCUB,YES,NO,NO,(Griseb.) T.D. Penn.,310,
ERICALES,SAPOTACEAE,SIDEROXYLON,FOETIDISSIMUM,SIDFOE,YES,NO,NO,Jacq.,865,
ERICALES,SAPOTACEAE,SIDEROXYLON,OBOVATUM,SIDOBO,YES,NO,NO,Lam.,95,
ERICALES,SAPOTACEAE,SIDEROXYLON,PORTORICENSE,SIDPOR,YES,NO,NO,Urb.,308,
ERICALES,SAPOTACEAE,SIDEROXYLON,SALICIFOLIUM,SIDSAL,YES,NO,NO,(L.) Lam.,309,
SANTALALES,SCHOEPFIACEAE,SCHOEPFIA,ARENARIA,SCHARE,HERBARIUM,YES,NO,Britton,860,
SANTALALES,SCHOEPFIACEAE,SCHOEPFIA,OBOVATA,SCHOBO,YES,NO,NO,C. Wright,867,
SANTALALES,SCHOEPFIACEAE,SCHOEPFIA,SCHREBERI,SCHSCH,HERBARIUM,NO,NO,J.F. Gmel.,846,
LAMIALES,SCROPHULARIACEAE,BONTIA,DAPHNOIDES,BONDAP,YES,NO,NO,L.,81,
SAPINDALES,SIMAROUBACEAE,PICRASMA,EXCELSA,PICEXC,HERBARIUM,NO,NO,(Sw.) Planch.,657,
SAPINDALES,SIMAROUBACEAE,SIMAROUBA,TULAE,SIMTUL,YES,YES,NO,Urb.,868,
SOLANALES,SOLANACEAE,ACNISTUS,ARBORESCENS,ACNARB,HERBARIUM,NO,NO,(L.) Schltdl.,6,
SOLANALES,SOLANACEAE,BRUNFELSIA,AMERICANA,BRUAME,YES,NO,NO,L.,89,
SOLANALES,SOLANACEAE,BRUNFELSIA,DENSIFOLIA,BRUDEN,YES,YES,NO,Krug & Urb.,90,
SOLANALES,SOLANACEAE,BRUNFELSIA,LACTEA,BRULAC,YES,YES,NO,Krug & Urb.,91,
SOLANALES,SOLANACEAE,BRUNFELSIA,PORTORICENSIS,BRUPOR,YES,YES,NO,Krug & Urb.,393,
SOLANALES,SOLANACEAE,CESTRUM,CITRIFOLIUM,CESCIT,YES,NO,NO,Retz.,395,
SOLANALES,SOLANACEAE,CESTRUM,MACROPHYLLUM,CESMAC,YES,NO,NO,Vent.,180,
SOLANALES,SOLANACEAE,GOETZEA,ELEGANS,GOEELE,YES,YES,NO,Wydler,425,T&E
SOLANALES,SOLANACEAE,SOLANUM,ENSIFOLIUM,SOLENS,YES,NO,NO,Dunal,870,T&E
SOLANALES,SOLANACEAE,SOLANUM,ERIANTHUM,SOLERI,YES,NO,NO,D. Don,872,
SOLANALES,SOLANACEAE,SOLANUM,RUGOSUM,SOLRUG,YES,NO,NO,Dunal,871,
SOLANALES,SOLANACEAE,SOLANUM,TORVUM,SOLTOR,GENEBANK,NO,NO,Sw.,1042,
CROSSOSOMATALES,STAPHYLEACEAE,TURPINIA,OCCIDENTALIS,TUROCC,YES,NO,NO,(Sw.) G. Don,962,
ERICALES,STYRACACEAE,STYRAX,PORTORICENSIS,STYPOR,YES,YES,NO,Krug & Urb.,890,T&E
FABALES,SURIANACEAE,SURIANA,MARITIMA,SURMAR,YES,NO,NO,L.,892,
ERICALES,SYMPLOCACEAE,SYMPLOCOS,LANATA,SYMLAN,HERBARIUM,YES,NO,Krug & Urb.,896,
ERICALES,SYMPLOCACEAE,SYMPLOCOS,MARTINICENSIS,SYMMAR,YES,NO,NO,Jacq.,897,
ERICALES,SYMPLOCACEAE,SYMPLOCOS,MICRANTHA,SYMMIC,HERBARIUM,YES,NO,Krug & Urb.,898,
ERICALES,THEACEAE,LAPLACEA,PORTORICENSIS,LAPPOR,HERBARIUM,NO,NO,(Krug & Urb.) Dyer,536,
MALVALES,THYMELAEACEAE,DAPHNOPSIS,AMERICANA,DAPAME,YES,NO,NO,(Mill.) J.R. Johnst.,293,
MALVALES,THYMELAEACEAE,DAPHNOPSIS,HELLERIANA,DAPHEL,YES,YES,NO,Urb.,294,T&E
MALVALES,THYMELAEACEAE,DAPHNOPSIS,PHILIPPIANA,DAPPHI,YES,YES,NO,Krug & Urb.,295,
ROSALES,URTICACEAE,CECROPIA,SCHREBERIANA,CECSCH,YES,NO,NO,Miq.,166,
ROSALES,URTICACEAE,URERA,BACCIFERA,UREBAC,YES,NO,NO,(L.) Gaudich. ex Wedd.,971,
ROSALES,URTICACEAE,URERA,CHLOROCARPA,URECHL,HERBARIUM,YES,NO,Urb.,973,
LAMIALES,VERBENACEAE,CITHAREXYLUM,CAUDATUM,CITCAU,YES,NO,NO,L.,192,
LAMIALES,VERBENACEAE,CITHAREXYLUM,SPINOSUM,CITSPI,YES,NO,NO,L.,193,
LAMIALES,VERBENACEAE,DURANTA,ERECTA,DURERE,HERBARIUM,NO,NO,L.,NA,
LAMIALES,VERBENACEAE,LANTANA,CAMARA,LANCAM,YES,NO,NO,L.,323,
LAMIALES,VERBENACEAE,LANTANA,INVOLUCRATA,LANINV,NEW,NO,NO,L.,,
ZYGOPHYLLALES,ZYGOPHYLLACEAE,GUAIACUM,OFFICINALE,GUAOFF,YES,NO,NO,L.,431,
ZYGOPHYLLALES,ZYGOPHYLLACEAE,GUAIACUM,SANCTUM,GUASAN,YES,NO,NO,L.,432,
ARECALES,ARECACEAE,ACROCOMIA,MEDIA,ACRACU,YES,NO,NO,(Jacq.) Lodd. ex Mart.,8,
SAPINDALES,MELIACEAE,SWIETENIA,MAHAGANI,SWIMAH,YES,NO,YES,(L.) Jacq.,NA,
GENTIANALES,RUBIACEAE,ANTIRHEA,OBTUSIFOLIA,STEOBT,YES,YES,NO,(Urb.) Britton & P. Wilson,52,
CANELLALES,CANELLACEAE,CANELLA,WINTERANA,CANWIN,GENEBANK,NO,NO,(L.) Gaertn.,137,
SOLANALES,SOLANACEAE,CESTRUM,LAURIFOLIUM,CESMAC,YES,NO,NO,Vent.,180,
FABALES,FABACEAE,ERYTHRINA,BERTERIANA,ERYBER,YES,NO,NO,Urb.,376,
MYRTALES,MELASTOMATACEAE,HENRIETTEA,SQUAMULOSUM,HENSQU,YES,YES,NO,(Cogn.) Judd,121,
FABALES,FABACEAE,LONCHOCARPUS,DOMINGENSIS,LONSER,HERBARIUM,NO,NO,(Poir.) Kunth ex DC.,551,
ARECALES,ARECACEAE,PRESTOEA,ACUMINATA,PREMON,YES,NO,NO,(R. Graham) G. Nicholson,374,
GENTIANALES,RUBIACEAE,PSYCHOTRIA,BERTERIANA,PSYBER,YES,NO,NO,DC.,790,
APIALES,ARALIACEAE,SCHEFFLERA,MOROTOTONII,SCHMOR,YES,NO,NO,(Aubl.) Maguire,302,
ROSALES,CANNABACEAE,TREMA,MICRANTHA,TREMIC,YES,NO,NO,(L.) Blume,952,
BRASSICALES,CAPPARACEAE,CAPPARIS,CYNOPHALLOPHORA,QUACYN,YES,NO,NO,(L.) Hutch.   ,141,
BRASSICALES,CAPPARACEAE,CAPPARIS,FLEXUOSA,CYNFLE,YES,NO,NO,(L.) J. Presl,142,
BRASSICALES,CAPPARACEAE,CAPPARIS,HASTATA,CYNHAS,YES,NO,NO,(Jacq.) J. Presl,140,
MYRTALES,MYRTACEAE,EUGENIA,XEROPHYTICA,MOSXER,YES,YES,NO,(Britton) Salywon,375,
MYRTALES,MYRTACEAE,MYRCIA,LEPTOCLADA,MYRAMA,YES,NO,NO,DC,641,
MALPIGHIALES,OCHNACEAE,OURATEA,LITTORALIS,OURLIT,YES,NO,NO,Urb.,699,
BRASSICALES,CAPPARACEAE,CAPPARIS,INDICA,QUAIND,YES,NO,NO,(L.) Iltis & Cornejo,143,